row_id,target
0-4,0.0007069865459925495
0-32,0.0005418122964329086
0-34,0.0005418122964329086
